Who,Action,Affected,When
admin,add,61223,2024-12-24 22:44:51
admin,Edit,72219,2024-12-24 22:47:29
admin,add,99705,2024-12-24 22:49:28
Admin,Login,None,2024-12-24 22:56:50
Admin,Logout,None,2024-12-24 22:57:30
99705,Login,None,2024-12-24 22:57:42
99705,Logout,None,2024-12-24 22:58:01
Admin,Login,None,2024-12-27 23:02:27
Admin,Logout,None,2024-12-27 23:04:54
Admin,Login,None,2024-12-28 12:11:28
Admin,Login,None,2024-12-28 10:26:48
Admin,Logout,None,2024-12-28 10:27:37
fikho,Access Denied,None,2024-12-28 10:27:41
,Access Denied,None,2024-12-28 10:27:43
oufa,Access Denied,None,2024-12-28 10:27:48
72219,Login,None,2024-12-28 10:27:54
72219,Logout,None,2024-12-28 10:28:21
Admin,Login,None,2024-12-28 23:10:06
admin,add,37203,2024-12-28 23:10:46
admin,add,46991,2024-12-28 23:11:40
admin,add,27932,2024-12-28 23:13:48
admin,Export USERS,None,2024-12-28 23:13:56
admin,add,18783,2024-12-28 23:15:05
admin,add,83084,2024-12-28 23:16:21
admin,Export USERS,None,2024-12-28 23:16:25
admin,add,52187,2024-12-28 23:18:17
admin,add,76377,2024-12-28 23:19:12
admin,Export USERS,None,2024-12-28 23:19:14
Admin,Logout,None,2024-12-28 23:19:34
Admin,Login,None,2025-05-17 19:11:49
Admin,Logout,None,2025-05-17 19:12:07
Admin,Login,None,2025-05-17 19:18:22
Admin,Logout,None,2025-05-17 19:18:23
